id_interno,id_manz,od_f,choice,av_car,av_bus,av_motocarro,tt_car,tt_bus,tt_motocarro,exp_pm25_car,exp_pm25_bus,exp_pm25_motocarro,exp_bc_car,exp_bc_bus,exp_bc_motocarro,age_18_30,age_31_45,age_46_55,age_56_70,age_70plus,female,male,trans,mestizo,afrodesc,blanco,indigena,raizal,no_grupo_etnico,str1,str2,str3,income_lvl,disability,student,formaljob,informaljob,selfemply,vueltas,no_education,primaria,secundaria,posgrado,tech,pregrado,own_formalhouse,own_informalhouse,rent_formalhouse,rent_informalhouse,family_home,head_household
2,M0875810000000000120108,mean_motocarro,3,1,1,1,0,0,10,0,0,38.89,0,0,12.6,0,0,1,0,0,1,0,0,0,0,0,0,0,1,0,1,0,1,1,0,1,0,0,0,0,0,1,0,0,0,0,0,0,0,1,1
3,M0875810000000000120108,5_7,2,1,1,1,20,0,0,15.863,0,0,5.843,0,0,0,1,0,0,0,1,0,0,0,1,0,0,0,0,0,1,0,3,0,0,1,0,0,0,0,0,0,1,0,0,1,0,0,0,0,1
4,M0875810000000000400106,mean_bus,9,1,1,1,0,40,0,0,59.37,0,0,32.7,0,0,0,1,0,0,0,1,0,0,0,0,0,0,1,0,1,0,3,0,0,1,0,0,0,0,0,1,0,0,0,0,0,1,0,0,1
6,M0875810000000000400106,mean_bus,9,0,1,1,0,60,0,0,21.7,0,0,7.75,0,0,1,0,0,0,0,1,0,0,0,0,0,0,1,0,1,0,2,0,0,1,0,0,0,0,0,1,0,0,0,1,0,0,0,0,0
7,M0875810000000000400108,mean_bus,9,0,1,1,0,15,0,0,21.7,0,0,7.75,0,0,0,0,1,0,1,0,0,0,0,0,0,0,1,0,1,0,2,0,0,0,0,0,1,0,1,0,0,0,0,1,0,0,0,0,1
8,M0875810000000000400106,mean_car,2,1,1,1,30,0,0,10.48,0,0,5.19,0,0,0,1,0,0,0,1,0,0,0,0,0,0,0,1,0,1,0,3,0,0,0,0,0,1,0,0,0,0,1,0,0,0,0,0,1,0
9,M0875810000000000400106,mean_bus,9,0,1,1,0,90,0,0,59.37,0,0,32.7,0,0,0,1,0,0,1,0,0,0,1,0,0,0,0,0,1,0,2,0,0,0,0,0,1,0,1,0,0,0,0,1,0,0,0,0,0
10,M0875810000000000400108,mean_bus,9,0,1,1,0,60,0,0,21.7,0,0,7.75,0,0,1,0,0,0,1,0,0,0,0,0,0,0,1,0,1,0,2,0,0,1,0,0,0,0,0,0,0,1,0,1,0,0,0,0,1
11,M0875810000000000400108,mean_bus,9,0,1,1,0,60,0,0,59.37,0,0,32.7,0,1,0,0,0,0,1,0,0,0,0,0,0,0,1,0,1,0,2,0,0,0,0,0,1,0,0,1,0,0,0,1,0,0,0,0,1
12,M0875810000000000400108,3_6,3,0,1,1,0,0,15,0,0,38.136,0,0,7.601,1,0,0,0,0,1,0,0,0,1,0,0,0,0,0,1,0,2,0,0,0,0,0,0,0,0,0,0,1,0,0,0,0,0,1,0
13,M0875810000000000400108,mean_motocarro,3,0,1,1,0,0,20,0,0,23.66,0,0,7.99,1,0,0,0,0,1,0,0,0,0,0,0,0,1,0,1,0,3,0,0,0,0,0,1,0,0,1,0,0,0,0,0,0,0,1,1
14,M0875810000000000400108,mean_motocarro,3,0,1,1,0,0,30,0,0,23.66,0,0,7.99,0,0,0,1,0,1,0,0,1,0,0,0,0,0,0,1,0,2,0,0,0,0,0,1,0,0,1,0,0,0,1,0,0,0,0,1
15,M0875810000000000400108,mean_bus,9,0,1,1,0,40,0,0,21.7,0,0,7.75,0,0,0,1,0,0,1,0,0,0,0,1,0,0,0,0,1,0,3,0,0,0,0,0,0,0,1,0,0,0,0,1,0,0,0,0,1
17,M0875810000000000400108,mean_motocarro,3,0,1,1,0,0,15,0,0,23.66,0,0,7.99,0,0,0,1,0,1,0,0,1,0,0,0,0,0,0,1,0,2,0,0,0,0,0,1,0,0,0,0,1,0,1,0,0,0,0,1
19,M0875810000000000220327,mean_car,2,1,1,1,15,0,0,10.48,0,0,5.19,0,0,0,1,0,0,0,0,1,0,0,0,0,0,0,1,0,0,1,3,0,0,1,0,0,0,0,0,0,1,0,0,0,0,1,0,0,0
20,M0875810000000000220327,mean_car,2,1,1,1,15,0,0,10.48,0,0,5.19,0,0,1,0,0,0,0,0,1,0,0,0,1,0,0,0,0,0,1,3,0,0,1,0,0,0,0,0,0,0,0,1,0,0,1,0,0,0
21,M0875810000000000400704,mean_bus,9,0,1,1,0,60,0,0,59.37,0,0,32.7,0,0,0,1,0,0,0,1,0,1,0,0,0,0,0,1,0,0,2,0,0,0,1,0,0,0,0,0,0,1,0,0,0,0,1,0,1
24,M0875810000000000400609,mean_bus,9,0,1,1,0,60,0,0,21.7,0,0,7.75,0,0,0,1,0,0,1,0,0,1,0,0,0,0,0,1,0,0,2,0,0,0,0,0,1,0,0,1,0,0,0,0,0,0,1,0,0
25,M0875810000000000400609,mean_motocarro,3,1,1,1,0,0,5,0,0,38.89,0,0,12.6,0,1,0,0,0,1,0,0,0,0,0,0,0,1,1,0,0,2,0,0,0,0,0,1,0,0,1,0,0,0,0,0,1,0,0,0
26,M0875810000000000400704,mean_bus,9,0,1,1,0,120,0,0,59.37,0,0,32.7,0,1,0,0,0,0,0,1,0,0,0,0,0,0,1,1,0,0,2,0,0,1,0,0,0,0,0,0,0,1,0,1,0,0,0,0,0
29,M0875810000000000400704,mean_motocarro,3,0,1,1,0,0,10,0,0,23.66,0,0,7.99,0,0,0,1,0,1,0,0,0,1,0,0,0,0,1,0,0,1,1,0,0,0,0,0,0,1,0,0,0,0,0,0,1,0,0,0
34,M0875810000000000400704,mean_bus,9,0,1,1,0,120,0,0,21.7,0,0,7.75,0,0,0,0,0,1,1,0,0,1,0,0,0,0,0,1,0,0,2,0,0,0,0,0,1,0,1,0,0,0,0,0,1,0,0,0,0
37,M0875810000000000400702,3_5,3,0,1,1,0,0,60,0,0,26.926,0,0,10.32,0,1,0,0,0,1,0,0,1,0,0,0,0,0,1,0,0,1,0,0,0,1,0,0,0,0,1,0,0,0,0,0,1,0,0,1
38,M0875810000000000400704,mean_bus,9,0,1,1,0,120,0,0,59.37,0,0,32.7,0,0,0,0,1,0,0,1,0,1,0,0,0,0,0,1,0,0,2,0,0,0,0,1,0,0,0,0,0,1,0,0,0,0,0,1,0
40,M0875810000000000100207,5_7,3,1,1,1,0,0,10,0,0,12.033,0,0,5.218,0,0,1,0,0,1,0,0,1,0,0,0,0,0,1,0,0,2,0,0,0,0,0,1,0,0,0,0,1,0,1,0,0,0,0,0
34,M0875810000000000100205,mean_motocarro,3,0,1,1,0,0,15,0,0,23.66,0,0,7.99,0,0,0,0,1,1,0,0,0,0,1,0,0,0,1,0,0,1,0,0,0,0,0,1,0,0,1,0,0,0,1,0,0,0,0,0
42,M0875810000000000100205,mean_bus,9,0,1,1,0,15,0,0,59.37,0,0,32.7,0,0,0,0,1,0,1,0,0,0,0,1,0,0,0,1,0,0,1,0,0,0,1,0,0,0,0,1,0,0,0,0,1,0,0,0,0
44,M0875810000000000100204,mean_bus,9,0,1,1,0,60,0,0,59.37,0,0,32.7,0,0,1,0,0,0,0,1,0,1,0,0,0,0,0,1,0,0,1,0,0,1,0,0,0,0,0,0,0,1,0,0,0,0,1,0,1
46,M0875810000000000100405,mean_motocarro,3,0,1,1,0,0,15,0,0,23.66,0,0,7.99,0,0,0,1,0,1,0,0,0,0,0,0,0,1,0,1,0,2,0,0,0,0,0,1,0,0,1,0,0,0,1,0,0,0,0,1
47,M0875810000000000090705,mean_bus,9,0,1,1,0,40,0,0,59.37,0,0,32.7,0,0,0,0,1,0,1,0,0,0,0,0,0,0,1,0,1,0,2,0,0,1,0,0,0,0,0,0,0,1,0,1,0,0,0,0,0
48,M0875810000000000090702,5_7,2,1,1,1,30,0,0,15.863,0,0,5.843,0,0,0,1,0,0,0,0,1,0,0,0,0,0,0,1,0,1,0,3,0,0,1,0,0,0,0,0,0,1,0,0,0,0,0,0,1,1
49,M0875810000000000100203,mean_bus,9,0,1,1,0,60,0,0,59.37,0,0,32.7,0,1,0,0,0,0,1,0,0,0,0,0,0,0,1,1,0,0,2,0,0,0,1,0,0,0,0,0,0,1,0,0,0,0,0,1,0
50,M0875810000000000100108,mean_bus,9,0,1,1,0,15,0,0,59.37,0,0,32.7,0,1,0,0,0,0,1,0,0,0,0,1,0,0,0,0,1,0,2,0,0,1,0,0,0,0,0,0,0,0,1,0,0,0,0,1,1
51,M0875810000000000100201,mean_bus,9,0,1,1,0,30,0,0,59.37,0,0,32.7,0,0,1,0,0,0,1,0,0,0,0,0,0,0,1,1,0,0,2,0,0,0,1,0,0,0,0,1,0,0,0,0,0,1,0,0,0
55,M0875810000000000361016,mean_car,2,1,1,1,30,0,0,10.48,0,0,5.19,0,0,1,0,0,0,0,0,1,0,0,0,0,0,0,1,0,1,0,3,0,0,0,0,0,0,0,0,1,0,0,0,1,0,0,0,0,0
56,M0875810000000000331019,2_6,2,1,1,1,45,0,0,27.851,0,0,13.247,0,0,1,0,0,0,0,0,1,0,1,0,0,0,0,0,0,1,0,3,0,0,1,0,0,0,0,0,0,0,1,0,1,0,0,0,0,0
57,M0875810000000000260318,3_4,3,0,1,1,0,0,7,0,0,30.855,0,0,10.725,1,0,0,0,0,0,1,0,1,0,0,0,0,0,1,0,0,2,0,0,0,0,0,0,0,0,1,0,0,0,0,1,0,0,0,0
60,M0875810000000000361044,mean_bus,9,0,1,1,0,45,0,0,59.37,0,0,32.7,0,1,0,0,0,0,0,1,0,0,0,0,0,0,1,0,1,0,2,0,1,0,0,0,0,0,0,1,0,0,0,0,0,0,0,1,0
62,M0875810000000000361015,mean_bus,9,0,1,1,0,60,0,0,21.7,0,0,7.75,0,1,0,0,0,0,1,0,0,0,0,0,0,0,1,0,1,0,2,0,1,0,0,0,0,0,0,1,0,0,0,0,0,0,0,1,0
63,M0875810000000000310109,mean_car,2,1,1,1,45,0,0,10.48,0,0,5.19,0,0,0,0,1,0,0,1,0,0,0,0,0,0,0,1,0,1,0,2,0,0,0,0,0,1,0,1,0,0,0,0,0,1,0,0,0,1
65,M0875810000000000380412,mean_bus,9,0,1,1,0,50,0,0,59.37,0,0,32.7,0,1,0,0,0,0,0,1,0,0,0,0,0,0,1,0,1,0,3,0,1,0,0,0,0,0,0,1,0,0,0,0,0,0,0,1,0
66,M0875810000000000220327,mean_car,2,1,1,1,55,0,0,23.88,0,0,10.02,0,0,0,1,0,0,0,1,0,0,0,0,0,0,0,1,0,0,1,2,0,0,0,0,1,0,0,0,0,0,0,1,1,0,0,0,0,1
68,M0875810000000000010820,mean_bus,9,0,1,1,0,30,0,0,59.37,0,0,32.7,0,0,1,0,0,0,1,0,0,0,0,0,0,0,1,0,1,0,3,0,0,1,0,0,0,0,0,1,0,0,0,0,0,0,0,1,0
69,M0875810000000000060214,mean_bus,9,0,1,1,0,40,0,0,21.7,0,0,7.75,0,1,0,0,0,0,0,1,0,0,0,0,0,0,1,0,1,0,2,0,1,0,0,0,0,0,0,0,0,1,0,0,0,0,0,1,0
70,M0875810000000000100605,mean_car,2,1,1,1,60,0,0,23.88,0,0,10.02,0,0,0,1,0,0,0,1,0,0,1,0,0,0,0,0,0,1,0,2,0,0,1,0,0,0,0,0,0,1,0,0,0,0,0,0,1,0
71,M0875810000000000390729,mean_bus,9,0,1,1,0,40,0,0,59.37,0,0,32.7,0,1,0,0,0,0,0,1,0,0,0,0,0,0,1,1,0,0,3,0,0,0,0,0,0,0,0,1,0,0,0,0,0,0,0,1,0
72,M0875810000000000400720,mean_bus,9,0,1,1,0,60,0,0,59.37,0,0,32.7,0,1,0,0,0,0,0,1,0,1,0,0,0,0,0,1,0,0,1,0,1,0,0,0,0,0,0,1,0,0,0,0,0,0,0,1,0
78,M0875810000000000100604,5_7,2,1,1,1,35,0,0,15.863,0,0,5.843,0,0,1,0,0,0,0,0,1,0,1,0,0,0,0,0,0,1,0,3,0,1,0,0,0,0,0,0,1,0,0,0,1,0,0,0,0,0
79,M0875810000000000240510,mean_car,2,1,1,1,30,0,0,10.48,0,0,5.19,0,0,1,0,0,0,0,0,1,0,1,0,0,0,0,0,1,0,0,3,0,0,0,0,0,0,0,0,1,0,0,0,0,1,0,0,0,0
80,M0875810000000000050501,mean_bus,9,0,1,1,0,55,0,0,21.7,0,0,7.75,0,1,0,0,0,0,0,1,0,0,0,0,0,0,1,0,1,0,2,0,1,0,0,0,0,0,0,1,0,0,0,0,0,0,0,1,0
81,M0875810000000000390316,mean_bus,9,0,1,1,0,30,0,0,21.7,0,0,7.75,0,1,0,0,0,0,0,1,0,1,0,0,0,0,0,1,0,0,2,0,0,0,0,0,0,0,0,0,0,1,0,0,0,0,0,1,0
82,M0875810000000000390316,mean_bus,9,0,1,1,0,45,0,0,59.37,0,0,32.7,0,0,0,1,0,0,1,0,0,1,0,0,0,0,0,1,0,0,2,0,0,1,0,0,0,0,0,0,0,1,0,0,0,0,0,1,0
83,M0875810000000000290613,mean_bus,9,0,1,1,0,60,0,0,21.7,0,0,7.75,0,1,0,0,0,0,0,1,0,0,0,0,0,0,1,1,0,0,3,0,1,0,0,0,0,0,0,1,0,0,0,1,0,0,0,0,0
87,M0875810000000000210717,mean_motocarro,3,0,1,1,0,0,30,0,0,23.66,0,0,7.99,0,0,0,1,0,1,0,0,0,0,0,0,0,1,1,0,0,2,0,0,0,0,0,1,0,1,0,0,0,0,0,0,0,0,1,1
89,M0875810000000000210716,mean_motocarro,3,0,1,1,0,0,30,0,0,23.66,0,0,7.99,0,1,0,0,0,1,0,0,0,0,0,0,0,1,1,0,0,1,0,1,0,0,0,0,0,0,1,0,0,0,0,0,1,0,0,1
92,M0875810000000000160815,mean_bus,9,0,1,1,0,80,0,0,21.7,0,0,7.75,0,1,0,0,0,0,0,1,0,0,0,0,0,0,1,0,1,0,3,0,1,0,0,0,0,0,0,0,0,1,0,0,0,0,0,1,0
94,M0875810000000000090623,mean_bus,9,0,1,1,0,70,0,0,59.37,0,0,32.7,0,1,0,0,0,0,0,1,0,0,0,0,0,0,1,0,1,0,3,0,1,0,0,0,0,0,0,1,0,0,0,0,0,0,0,1,0
95,M0875810000000000170113,mean_motocarro,3,0,1,1,0,0,10,0,0,38.89,0,0,12.6,0,0,0,1,0,1,0,0,0,0,1,0,0,0,0,1,0,1,0,0,1,0,0,0,0,0,1,0,0,0,0,1,0,0,0,1
98,M0875810000000000050311,2_6,2,1,1,1,20,0,0,10.449,0,0,2.93,0,0,1,0,0,0,0,0,1,0,1,0,0,0,0,0,0,1,0,3,0,0,1,0,0,0,0,0,0,0,1,0,1,0,0,0,0,1
99,M0875810000000000030403,2_6,2,1,1,1,20,0,0,10.449,0,0,2.93,0,0,0,0,1,0,0,0,1,0,1,0,0,0,0,0,0,1,0,3,0,0,1,0,0,0,0,0,0,0,0,1,1,0,0,0,0,1
100,M0875810000000000010446,7_6,2,1,1,0,15,0,0,13.574,0,0,5.657,0,0,0,1,0,0,0,0,1,0,0,0,0,0,0,1,1,0,0,3,0,0,1,0,0,0,0,0,0,0,1,0,0,0,1,0,0,1
101,M0875810000000000010446,mean_bus,9,0,1,1,0,15,0,0,21.7,0,0,7.75,0,0,1,0,0,0,0,1,0,0,0,0,0,0,1,1,0,0,2,0,0,1,0,0,0,0,0,0,0,0,1,1,0,0,0,0,1
102,M0875810000000000130445,mean_car,2,1,1,1,15,0,0,10.48,0,0,5.19,0,0,1,0,0,0,0,1,0,0,0,0,0,0,0,1,1,0,0,2,0,0,1,0,0,0,0,0,0,0,0,1,0,1,0,0,0,0
103,M0875810000000000190106,3_4,3,0,1,1,0,0,30,0,0,30.855,0,0,10.725,0,0,1,0,0,1,0,0,0,0,0,1,0,0,1,0,0,2,0,0,1,0,0,0,0,0,0,0,1,0,0,0,1,0,0,0
105,M0875810000000000020411,mean_car,2,1,1,1,20,0,0,23.88,0,0,10.02,0,0,1,0,0,0,0,0,1,0,0,0,0,0,0,1,1,0,0,3,0,0,0,0,1,0,0,0,0,1,0,0,1,0,0,0,0,0
106,M0875810000000000350103,mean_bus,9,0,1,1,0,50,0,0,59.37,0,0,32.7,0,1,0,0,0,0,1,0,0,1,0,0,0,0,0,1,0,0,2,0,0,1,0,0,0,0,0,0,0,0,1,0,0,0,1,0,0
107,M0875810000000000030303,5_7,2,1,1,1,30,0,0,15.863,0,0,5.843,0,0,0,0,0,1,0,1,0,0,1,0,0,0,0,0,0,1,0,3,0,0,1,0,0,0,0,0,0,1,0,0,1,0,0,0,0,0
109,M0875810000000000060818,mean_bus,9,0,1,1,0,30,0,0,21.7,0,0,7.75,0,0,0,1,0,0,1,0,0,0,0,0,0,0,1,1,0,0,2,0,0,1,0,0,0,0,0,0,0,0,1,1,0,0,0,0,0
112,M0875810000000000200610,mean_bus,9,0,1,1,0,15,0,0,21.7,0,0,7.75,0,0,1,0,0,0,1,0,0,0,1,0,0,0,0,1,0,0,2,0,0,1,0,0,0,0,0,0,0,1,0,0,0,0,1,0,1
113,M0875810000000000380807,mean_bus,9,0,1,1,0,15,0,0,59.37,0,0,32.7,0,0,0,1,0,0,0,1,0,0,1,0,0,0,0,1,0,0,2,0,0,1,0,0,0,0,0,0,0,1,0,0,0,0,0,1,0
114,M0875810000000000260121,2_4,2,1,1,1,10,0,0,2.703,0,0,1.608,0,0,1,0,0,0,0,1,0,0,1,0,0,0,0,0,0,1,0,3,0,0,1,0,0,0,0,0,0,1,0,0,0,0,0,0,1,0
115,M0875810000000000030403,4_7,2,1,1,1,15,0,0,8.596,0,0,4.398,0,0,0,1,0,0,0,1,0,0,1,0,0,0,0,0,0,1,0,3,0,0,1,0,0,0,0,0,0,1,0,0,0,0,0,0,1,0
116,M0875810000000000080503,mean_bus,9,0,1,1,0,40,0,0,59.37,0,0,32.7,0,0,0,1,0,0,1,0,0,0,0,0,0,0,1,1,0,0,1,0,0,1,0,0,0,0,0,1,0,0,0,1,0,0,0,0,1
117,M0875810000000000060502,mean_bus,9,0,1,1,0,60,0,0,59.37,0,0,32.7,0,1,0,0,0,0,0,1,0,0,0,0,0,0,1,0,1,0,3,0,1,0,0,0,0,0,0,1,0,0,0,0,0,0,0,1,0
119,M0875810000000000130428,4_5,2,1,1,1,20,0,0,20.758,0,0,10.994,0,0,0,0,1,0,0,0,1,0,0,0,0,0,0,1,1,0,0,2,0,0,0,0,1,0,0,0,0,0,0,1,1,0,0,0,0,1
120,M0875810000000000130403,5_7,3,0,1,1,0,0,15,0,0,12.033,0,0,5.218,1,0,0,0,0,1,0,0,1,0,0,0,0,0,0,1,0,2,0,0,0,0,0,1,0,0,0,0,1,0,0,0,1,0,0,0
125,M0875810000000000090514,5_7,2,1,1,1,30,0,0,10.172,0,0,4.083,0,0,0,0,0,1,0,0,1,0,0,0,0,0,0,1,0,1,0,2,0,0,0,0,1,0,0,0,0,0,0,1,1,0,0,0,0,0
127,M0875810000000000010209,mean_motocarro,3,0,1,1,0,0,25,0,0,38.89,0,0,12.6,0,0,0,1,0,1,0,0,0,0,0,0,0,1,1,0,0,2,0,0,1,0,0,0,1,0,0,0,0,0,1,0,0,0,0,1
128,M0875810000000000010210,mean_bus,9,0,1,1,0,90,0,0,59.37,0,0,32.7,0,1,0,0,0,0,0,1,0,0,0,0,0,0,1,1,0,0,2,0,0,0,0,1,0,0,0,0,0,1,0,0,0,0,0,1,0
129,M0875810000000000010210,mean_bus,9,0,1,1,0,60,0,0,21.7,0,0,7.75,0,0,0,0,1,0,1,0,0,1,0,0,0,0,0,1,0,0,2,0,0,0,0,0,0,0,1,0,0,0,0,0,0,0,0,1,1
130,M0875810000000000010208,mean_bus,9,0,1,1,0,30,0,0,59.37,0,0,32.7,0,0,0,0,1,0,1,0,0,0,0,0,0,0,1,1,0,0,3,0,0,1,0,0,0,0,0,0,0,0,1,0,0,1,0,0,1
131,M0875810000000000010214,mean_bus,9,0,1,1,0,60,0,0,21.7,0,0,7.75,0,0,0,1,0,0,1,0,0,0,1,0,0,0,0,1,0,0,2,0,0,0,0,0,1,0,0,1,0,0,0,0,0,1,0,0,1
132,M0875810000000000010216,5_7,3,0,1,1,0,0,10,0,0,12.033,0,0,5.218,1,0,0,0,0,0,1,0,0,0,0,0,0,1,1,0,0,2,0,0,0,0,1,0,0,0,0,0,1,0,0,0,1,0,0,1
134,M0875810000000000260314,mean_bus,9,0,1,1,0,90,0,0,59.37,0,0,32.7,0,0,0,0,1,0,0,1,0,1,0,0,0,0,0,1,0,0,1,0,0,0,0,0,1,0,1,0,0,0,0,0,0,0,0,1,0
135,M0875810000000000260318,2_6,3,0,1,1,0,0,20,0,0,27.697,0,0,8.25,0,1,0,0,0,1,0,0,0,1,0,0,0,0,1,0,0,2,0,0,0,0,0,0,0,1,0,0,0,0,0,0,0,1,0,1
144,M0875810000000000340809,2_6,2,1,1,1,30,0,0,27.851,0,0,13.247,0,0,0,1,0,0,0,0,1,0,1,0,0,0,0,0,0,1,0,2,0,0,0,0,1,0,0,0,0,0,1,0,1,0,0,0,0,1
145,M0875810000000000160803,6_5,2,1,1,1,30,0,0,21.704,0,0,10.264,0,0,0,0,1,0,0,0,1,0,1,0,0,0,0,0,0,1,0,2,0,0,0,0,1,0,0,0,0,0,1,0,0,0,0,0,1,1
146,M0875810000000000160605,mean_motocarro,3,0,1,1,0,0,15,0,0,38.89,0,0,12.6,0,0,0,1,0,1,0,0,0,1,0,0,0,0,1,0,0,2,0,0,0,0,1,0,0,0,1,0,0,0,1,0,0,0,0,0
148,M0800110000000003020105,mean_bus,9,1,1,1,0,75,0,0,59.37,0,0,32.7,0,0,0,1,0,0,0,1,0,1,0,0,0,0,0,0,0,1,2,0,0,1,0,0,0,0,0,0,1,0,0,1,0,0,0,0,1
149,M0875810000000000050210,5_7,2,1,1,1,35,0,0,15.863,0,0,5.843,0,0,0,1,0,0,0,0,1,0,0,0,0,0,0,1,0,1,0,3,0,0,1,0,0,0,0,0,0,1,0,0,0,0,0,0,1,1
150,M0875810000000000030303,5_7,3,0,1,1,0,0,15,0,0,40.717,0,0,14.97,0,0,1,0,0,0,1,0,0,1,0,0,0,0,0,1,0,3,0,0,1,0,0,0,0,0,0,0,1,0,1,0,0,0,0,1
152,M0875810000000000060115,mean_car,2,1,1,1,10,0,0,10.48,0,0,5.19,0,0,0,0,1,0,0,0,1,0,1,0,0,0,0,0,0,1,0,3,0,0,1,0,0,0,0,0,1,0,0,0,0,0,0,0,1,0
153,M0875810000000000170203,2_6,2,1,1,1,20,0,0,10.449,0,0,2.93,0,0,0,0,1,0,0,0,1,0,1,0,0,0,0,0,0,1,0,3,0,0,1,0,0,0,0,0,0,1,0,0,1,0,0,0,0,1
154,M0875810000000000220105,mean_car,2,1,1,1,5,0,0,10.48,0,0,5.19,0,0,1,0,0,0,0,1,0,0,0,0,0,0,0,1,1,0,0,3,0,0,1,0,0,0,0,0,0,0,0,1,0,0,0,0,1,0
156,M0875810000000000040808,5_7,2,1,1,1,10,0,0,10.172,0,0,4.083,0,0,0,1,0,0,0,0,1,0,0,0,1,0,0,0,0,1,0,3,0,0,1,0,0,0,0,0,0,1,0,0,1,0,0,0,0,0
157,M0875810000000000010816,mean_bus,9,1,1,1,0,15,0,0,59.37,0,0,32.7,0,0,0,0,1,0,0,1,0,0,0,1,0,0,0,0,1,0,3,0,0,1,0,0,0,0,0,0,0,0,1,1,0,0,0,0,1
158,M0875810000000000030205,5_7,3,0,1,1,0,0,10,0,0,12.033,0,0,5.218,0,0,1,0,0,1,0,0,0,0,1,0,0,0,1,0,0,3,0,0,1,0,0,0,0,0,0,0,0,1,0,0,1,0,0,0
160,M0875810000000000050220,mean_bus,9,0,1,1,0,35,0,0,59.37,0,0,32.7,0,1,0,0,0,0,0,1,0,1,0,0,0,0,0,0,1,0,2,0,0,1,0,0,0,0,0,0,0,0,1,1,0,0,0,0,0
162,M0875810000000000400506,mean_bus,9,0,1,1,0,15,0,0,59.37,0,0,32.7,0,0,1,0,0,0,1,0,0,0,0,0,0,0,1,1,0,0,2,0,0,0,0,0,1,0,1,0,0,0,0,0,1,0,0,0,1
163,M0875810000000000400606,mean_bus,9,1,1,1,0,60,0,0,21.7,0,0,7.75,0,0,0,1,0,0,0,1,0,0,1,0,0,0,0,1,0,0,1,0,0,0,0,0,1,0,0,1,0,0,0,0,1,0,0,0,0
165,M0875810000000000290930,3_4,3,0,1,1,0,0,5,0,0,30.855,0,0,10.725,0,0,1,0,0,1,0,0,1,0,0,0,0,0,1,0,0,2,0,0,0,0,0,1,0,0,1,0,0,0,0,1,0,0,0,1
171,M0875810000000000400767,mean_bus,9,0,1,1,0,30,0,0,59.37,0,0,32.7,0,0,1,0,0,0,1,0,0,1,0,0,0,0,0,1,0,0,2,0,0,0,0,0,1,0,0,1,0,0,0,0,0,0,0,1,1
173,M0875810000000000060111,mean_bus,9,0,1,1,0,60,0,0,59.37,0,0,32.7,0,1,0,0,0,0,1,0,0,0,0,0,0,0,1,0,1,0,3,0,0,1,0,0,0,0,0,0,0,1,0,0,0,0,0,1,0
181,M0875810000000000040106,mean_bus,9,0,1,1,0,45,0,0,21.7,0,0,7.75,0,0,1,0,0,0,1,0,0,0,0,0,0,0,1,1,0,0,2,0,0,0,1,0,0,0,0,0,0,1,0,0,0,0,1,0,1
183,M0875810000000000190809,mean_bus,9,0,1,1,0,20,0,0,59.37,0,0,32.7,0,0,0,1,0,0,0,1,0,0,1,0,0,0,0,1,0,0,2,0,0,1,0,0,0,0,0,1,0,0,0,1,0,0,0,0,1
188,M0875810000000000360305,mean_bus,9,1,1,1,0,20,0,0,21.7,0,0,7.75,0,0,0,0,0,1,0,1,0,0,0,1,0,0,0,1,0,0,1,0,0,0,0,0,1,0,1,0,0,0,0,0,0,0,1,0,1
190,M0875810000000000240810,4_6,3,1,1,1,0,0,20,0,0,77.432,0,0,7.598,0,0,0,1,0,0,1,0,0,0,0,0,0,1,1,0,0,3,0,0,0,0,0,1,0,0,0,0,0,0,0,1,0,0,0,1
199,M0875810000000000251018,mean_bus,9,0,1,1,0,60,0,0,59.37,0,0,32.7,0,0,1,0,0,0,1,0,0,1,0,0,0,0,0,1,0,0,2,0,1,0,0,0,0,0,0,1,0,0,0,0,0,0,0,1,1
200,M0875810000000000251016,mean_motocarro,3,0,1,1,0,0,10,0,0,23.66,0,0,7.99,0,0,1,0,0,0,1,0,1,0,0,0,0,0,1,0,0,2,0,0,0,0,0,1,0,0,0,0,1,0,1,0,0,0,0,1
203,M0875810000000000030106,mean_bus,9,0,1,1,0,120,0,0,21.7,0,0,7.75,0,0,1,0,0,0,1,0,0,0,0,0,0,0,1,0,1,0,1,0,0,0,0,0,0,0,0,0,0,1,0,1,0,0,0,0,0
204,M0875810000000000090721,5_7,2,1,1,1,50,0,0,10.172,0,0,4.083,0,0,0,1,0,0,0,0,1,0,1,0,0,0,0,0,0,1,0,3,0,0,0,0,1,0,0,0,0,0,0,1,1,0,0,0,0,1
205,M0875810000000000330526,mean_bus,9,0,1,1,0,80,0,0,59.37,0,0,32.7,0,1,0,0,0,0,0,1,0,1,0,0,0,0,0,1,0,0,2,0,1,0,0,0,0,0,0,0,0,1,0,0,0,0,0,1,0
207,M0875810000000000060817,mean_bus,9,0,1,1,0,20,0,0,59.37,0,0,32.7,0,1,0,0,0,0,1,0,0,0,0,0,0,0,1,1,0,0,2,0,1,0,0,0,0,0,0,1,0,0,0,0,0,0,1,0,0
208,M0875810000000000100412,mean_car,2,1,1,1,45,0,0,10.48,0,0,5.19,0,0,0,1,0,0,0,0,1,0,0,0,1,0,0,0,0,1,0,3,0,0,0,0,0,1,0,0,0,0,1,0,0,0,0,1,0,1
210,M0875810000000000140120,mean_bus,9,0,1,1,0,40,0,0,21.7,0,0,7.75,0,0,0,1,0,0,1,0,0,1,0,0,0,0,0,0,1,0,3,0,0,1,0,0,0,0,0,0,0,0,1,0,0,1,0,0,1
211,M0875810000000000140108,mean_car,2,1,1,1,15,0,0,23.88,0,0,10.02,0,0,0,0,0,1,0,0,1,0,0,0,0,0,0,1,0,1,0,3,0,0,1,0,0,0,0,0,0,0,0,0,1,0,0,0,0,1
212,M0875810000000000130221,mean_motocarro,3,0,1,1,0,0,30,0,0,23.66,0,0,7.99,1,0,0,0,0,1,0,0,1,0,0,0,0,0,0,1,0,3,0,1,0,0,0,0,0,0,0,0,0,1,0,0,0,0,1,0
216,M0875810000000000160612,mean_bus,9,0,1,1,0,30,0,0,59.37,0,0,32.7,0,1,0,0,0,0,0,1,0,0,0,0,0,0,1,1,0,0,1,0,0,0,1,0,0,0,0,1,0,0,0,1,0,0,0,0,0
217,M0875810000000000410414,mean_bus,9,0,1,1,0,20,0,0,21.7,0,0,7.75,0,0,1,0,0,0,1,0,0,1,0,0,0,0,0,1,0,0,2,0,0,0,0,0,1,0,0,0,0,1,0,0,0,0,0,1,0
218,M0875810000000000150515,mean_motocarro,3,0,1,1,0,0,15,0,0,38.89,0,0,12.6,0,1,0,0,0,1,0,0,1,0,0,0,0,0,1,0,0,2,0,0,0,0,0,1,0,1,0,0,0,0,0,1,0,0,0,1
219,M0875810000000000380223,3_6,3,0,1,1,0,0,10,0,0,26.281,0,0,6.397,0,0,1,0,0,1,0,0,1,0,0,0,0,0,0,1,0,1,0,0,0,0,0,1,0,0,0,0,1,0,0,0,0,0,1,0
220,M0875810000000000100402,2_6,2,1,1,1,20,0,0,27.851,0,0,13.247,0,0,0,0,1,0,0,1,0,0,0,0,0,0,0,1,0,1,0,2,0,0,0,0,0,1,0,0,0,1,0,0,1,0,0,0,0,0
221,M0875810000000000380505,mean_bus,9,0,1,1,0,120,0,0,21.7,0,0,7.75,0,1,0,0,0,0,1,0,0,1,0,0,0,0,0,0,1,0,2,0,1,0,0,0,0,0,0,0,0,0,1,0,0,0,0,1,0
222,M0875810000000000160319,mean_bus,9,0,1,1,0,50,0,0,59.37,0,0,32.7,0,1,0,0,0,0,1,0,0,0,0,0,0,0,1,0,1,0,2,0,0,0,1,0,0,0,0,0,0,0,1,1,0,0,0,0,0
223,M0875810000000000010506,mean_bus,9,0,1,1,0,60,0,0,59.37,0,0,32.7,0,0,1,0,0,0,0,1,0,0,0,1,0,0,0,1,0,0,2,0,1,0,0,0,0,0,0,0,0,0,1,0,0,1,0,0,0
225,M0875810000000000010905,mean_bus,9,0,1,1,0,65,0,0,59.37,0,0,32.7,0,0,1,0,0,0,0,1,0,0,0,0,0,0,1,1,0,0,2,0,1,0,0,0,0,0,0,0,0,1,0,1,0,0,0,0,0
228,M0875810000000000230611,mean_bus,9,0,1,1,0,60,0,0,21.7,0,0,7.75,0,1,0,0,0,0,0,1,0,1,0,0,0,0,0,1,0,0,1,0,0,1,0,0,0,0,0,0,0,0,1,1,0,0,0,0,1
229,M0875810000000000380403,mean_motocarro,3,0,1,1,0,0,20,0,0,38.89,0,0,12.6,1,0,0,0,0,1,0,0,0,0,0,0,0,1,0,1,0,2,0,0,1,0,0,0,0,0,0,0,0,1,0,0,0,1,0,0
232,M0875810000000000170407,mean_bus,9,0,1,1,0,40,0,0,21.7,0,0,7.75,0,1,0,0,0,0,0,1,0,1,0,0,0,0,0,0,1,0,3,0,1,0,0,0,0,0,0,0,0,0,1,1,0,0,0,0,0
233,M0875810000000000360810,mean_bus,9,0,1,1,0,60,0,0,21.7,0,0,7.75,0,1,0,0,0,0,1,0,0,0,0,0,0,0,1,1,0,0,3,0,1,0,0,0,0,0,0,0,0,1,0,0,0,0,0,1,0
234,M0875810000000000180703,mean_bus,9,0,1,1,0,60,0,0,59.37,0,0,32.7,0,1,0,0,0,0,1,0,0,0,0,0,0,0,1,0,1,0,2,0,1,0,0,0,0,0,0,0,0,1,0,0,0,0,0,1,0
235,M0875810000000000361029,2_6,3,0,1,1,0,0,10,0,0,24.821,0,0,4.219,1,0,0,0,0,1,0,0,0,0,1,0,0,0,0,1,0,2,0,0,0,0,0,1,0,0,1,0,0,0,0,0,0,1,0,0
236,M0875810000000000040512,mean_bus,9,0,1,1,0,60,0,0,59.37,0,0,32.7,0,0,0,0,1,0,0,1,0,0,0,1,0,0,0,1,0,0,3,0,0,1,0,0,0,0,0,1,0,0,0,1,0,0,0,0,1
237,M0875810000000000100417,mean_bus,9,0,1,1,0,45,0,0,21.7,0,0,7.75,0,1,0,0,0,0,1,0,0,1,0,0,0,0,0,0,1,0,3,0,1,0,0,0,0,0,0,1,0,0,0,1,0,0,0,0,0
239,M0875810000000000400716,mean_bus,9,0,1,1,0,90,0,0,59.37,0,0,32.7,0,1,0,0,0,0,0,1,0,0,0,0,0,0,1,1,0,0,3,0,0,1,0,0,0,0,0,1,0,0,0,0,1,0,0,0,1
241,M0875810000000000341004,mean_bus,9,1,1,1,0,45,0,0,59.37,0,0,32.7,0,1,0,0,0,0,0,1,0,1,0,0,0,0,0,0,1,0,2,0,0,0,1,0,0,0,0,0,0,1,0,0,0,0,1,0,0
242,M0875810000000000380211,mean_bus,9,0,1,1,0,40,0,0,21.7,0,0,7.75,0,1,0,0,0,0,0,1,0,0,0,0,0,0,1,0,1,0,2,0,1,0,0,0,0,0,0,1,0,0,0,0,0,1,0,0,0
244,M0875810000000000160613,mean_bus,9,0,1,1,0,45,0,0,59.37,0,0,32.7,0,0,0,1,0,0,1,0,0,0,0,0,0,0,1,0,1,0,2,0,0,1,0,0,0,0,0,0,0,1,0,1,0,0,0,0,1
246,M0875810000000000130212,mean_bus,9,0,1,1,0,60,0,0,59.37,0,0,32.7,0,1,0,0,0,0,1,0,0,0,0,0,0,0,1,0,1,0,2,0,0,1,0,0,0,0,0,0,0,1,0,0,0,0,0,1,0
247,M0875810000000000210302,mean_motocarro,3,0,1,1,0,0,20,0,0,38.89,0,0,12.6,1,0,0,0,0,1,0,0,1,0,0,0,0,0,1,0,0,2,0,0,0,0,0,1,0,0,1,0,0,0,0,0,0,1,0,1
248,M0875810000000000220511,mean_bus,9,0,1,1,0,60,0,0,21.7,0,0,7.75,0,0,0,1,0,0,0,1,0,0,0,0,1,0,0,1,0,0,3,0,0,1,0,0,0,0,0,1,0,0,0,1,0,0,0,0,1
249,M0875810000000000150418,3_5,2,1,1,1,30,0,0,28.638,0,0,13.935,0,0,0,1,0,0,0,0,1,0,0,0,0,0,0,1,1,0,0,3,0,0,1,0,0,0,0,0,0,1,0,0,0,0,0,0,1,1
250,M0875810000000000251110,mean_motocarro,3,0,1,1,0,0,10,0,0,23.66,0,0,7.99,0,0,1,0,0,1,0,0,1,0,0,0,0,0,1,0,0,1,1,0,0,0,0,0,0,1,0,0,0,0,0,0,1,0,0,0
251,M0875810000000000140102,mean_bus,9,0,1,1,0,90,0,0,59.37,0,0,32.7,0,1,0,0,0,0,0,1,0,0,0,0,0,0,1,0,1,0,1,0,0,1,0,0,0,0,0,0,0,0,1,0,0,1,0,0,0
252,M0875810000000000040703,mean_bus,9,0,1,1,0,80,0,0,59.37,0,0,32.7,0,1,0,0,0,0,1,0,0,0,0,0,0,0,1,0,1,0,2,0,1,0,0,0,0,0,0,1,0,0,0,0,0,0,1,0,0
255,M0875810000000000010411,mean_motocarro,3,0,1,1,0,0,10,0,0,23.66,0,0,7.99,1,0,0,0,0,1,0,0,1,0,0,0,0,0,1,0,0,2,0,0,1,0,0,0,0,0,0,0,1,0,1,0,0,0,0,0
256,M0875810000000000160205,6_5,3,1,1,1,0,0,30,0,0,15.546,0,0,5.22,0,0,0,0,1,0,1,0,0,0,0,0,0,1,1,0,0,2,0,0,0,0,0,1,0,0,1,0,0,0,0,0,0,0,1,1
R4,M0875810000000000400705,3_5,3,0,1,1,0,0,20,0,0,26.926,0,0,10.32,0,1,0,0,0,1,0,0,0,0,0,0,0,1,1,0,0,1,0,0,0,0,0,1,0,0,1,0,0,0,0,0,0,0,1,1
R5,M0875810000000000400616,mean_motocarro,3,0,1,1,0,0,30,0,0,38.89,0,0,12.6,0,0,1,0,0,0,1,0,0,1,0,0,0,0,1,0,0,3,0,0,0,1,0,0,0,0,1,0,0,0,1,0,0,0,0,1
R7,M0875810000000000400714,3_5,3,0,1,1,0,0,40,0,0,40.218,0,0,8.547,0,0,1,0,0,1,0,0,0,0,0,0,0,1,1,0,0,2,0,0,0,0,0,1,0,1,0,0,0,0,1,0,0,0,0,0
R10,M0875810000000000400706,3_5,3,0,1,1,0,0,20,0,0,40.218,0,0,8.547,0,1,0,0,0,1,0,0,0,0,0,0,0,1,1,0,0,2,0,0,0,0,0,1,0,0,1,0,0,0,1,0,0,0,0,1
R13,M0875810000000000400507,mean_bus,9,0,1,1,0,20,0,0,21.7,0,0,7.75,0,1,0,0,0,0,1,0,0,0,1,0,0,0,0,1,0,0,2,0,1,0,0,0,0,0,0,0,0,1,0,0,0,0,1,0,0
R16,M0875810000000000390729,mean_bus,9,0,1,1,0,80,0,0,59.37,0,0,32.7,0,0,0,1,0,0,0,1,0,1,0,0,0,0,0,1,0,0,2,0,0,0,0,1,0,0,0,0,0,1,0,0,1,0,0,0,1
R18,M0875810000000000010420,6_5,3,0,1,1,0,0,10,0,0,15.546,0,0,5.22,0,1,0,0,0,1,0,0,1,0,0,0,0,0,1,0,0,2,0,0,0,0,0,1,0,0,1,0,0,0,0,0,0,1,0,0
R19,M0875810000000000220323,mean_bus,9,0,1,1,0,60,0,0,59.37,0,0,32.7,0,0,1,0,0,0,1,0,0,0,0,1,0,0,0,0,0,1,2,0,0,0,0,0,1,0,0,0,0,1,0,0,0,1,0,0,1
R22,M0875810000000000100415,5_7,3,0,1,1,0,0,10,0,0,12.033,0,0,5.218,0,1,0,0,0,1,0,0,1,0,0,0,0,0,0,1,0,1,0,0,1,0,0,0,0,0,0,0,1,0,0,0,0,1,0,1
R23,M0875810000000000060606,5_7,3,0,1,1,0,0,20,0,0,12.033,0,0,5.218,0,1,0,0,0,1,0,0,0,0,0,0,0,1,1,0,0,2,1,0,0,0,0,1,0,0,0,0,0,1,0,0,0,0,1,0
R25,M0875810000000000120112,mean_bus,9,0,1,1,0,40,0,0,59.37,0,0,32.7,0,1,0,0,0,0,0,1,0,0,0,0,0,0,1,0,1,0,2,0,1,0,0,0,0,0,0,1,0,0,0,0,0,0,0,1,0
R32,M0875810000000000400104,mean_bus,9,0,1,1,0,45,0,0,59.37,0,0,32.7,0,1,0,0,0,0,0,1,0,0,0,0,0,0,1,0,1,0,2,0,1,0,0,0,0,0,0,1,0,0,0,0,0,0,0,1,0
R33,M0875810000000000400106,3_5,3,0,1,1,0,0,30,0,0,40.218,0,0,8.547,0,0,1,0,0,1,0,0,1,0,0,0,0,0,0,1,0,2,0,0,0,0,0,1,0,1,0,0,0,0,0,0,0,1,0,1
R34,M0875810000000000400308,mean_bus,9,0,1,1,0,90,0,0,21.7,0,0,7.75,0,0,0,0,0,1,0,1,0,1,0,0,0,0,0,1,0,0,2,0,0,0,0,0,1,0,1,0,0,0,0,1,0,0,0,0,1
R35,M0875810000000000400302,mean_bus,9,0,1,1,0,90,0,0,59.37,0,0,32.7,0,1,0,0,0,0,0,1,0,1,0,0,0,0,0,1,0,0,2,0,0,0,1,0,0,0,0,1,0,0,0,1,0,0,0,0,1
R38,M0875810000000000010209,mean_bus,9,0,1,1,0,15,0,0,59.37,0,0,32.7,0,0,1,0,0,0,1,0,0,1,0,0,0,0,0,1,0,0,1,0,0,0,0,0,1,0,0,1,0,0,0,0,0,0,1,0,0
R40,M0875810000000000010210,mean_bus,9,0,1,1,0,90,0,0,59.37,0,0,32.7,0,0,0,0,1,0,0,1,0,1,0,0,0,0,0,1,0,0,2,0,0,0,0,1,0,0,0,1,0,0,0,1,0,0,0,0,0
R41,M0875810000000000020517,mean_bus,9,0,1,1,0,60,0,0,59.37,0,0,32.7,0,1,0,0,0,0,1,0,0,0,0,0,0,0,1,1,0,0,2,0,0,0,0,0,1,0,0,0,0,1,0,0,0,0,0,1,1
R42,M0875810000000000010213,7_6,3,0,1,1,0,0,15,0,0,79.756,0,0,16.071,0,0,0,0,1,1,0,0,1,0,0,0,0,0,1,0,0,2,0,1,0,0,0,0,0,1,0,0,0,0,0,0,0,0,1,1
R43,M0875810000000000010213,5_7,3,0,1,1,0,0,10,0,0,12.033,0,0,5.218,0,1,0,0,0,1,0,0,0,0,0,0,0,1,1,0,0,2,0,0,0,0,0,1,0,0,1,0,0,0,1,0,0,0,0,1
R44,M0875810000000000010215,mean_motocarro,3,0,1,1,0,0,15,0,0,23.66,0,0,7.99,0,1,0,0,0,1,0,0,0,0,0,0,0,1,1,0,0,1,0,0,0,0,0,1,0,0,0,0,1,0,0,0,0,0,1,1
R47,M0875810000000000260318,mean_bus,9,0,1,0,0,60,0,0,59.37,0,0,32.7,0,0,0,0,1,0,0,1,0,0,0,0,1,0,0,1,0,0,2,0,0,0,0,0,1,0,1,0,0,0,0,0,1,0,0,0,1
R48,M0875810000000000260405,mean_bus,9,0,1,1,0,20,0,0,59.37,0,0,32.7,0,1,0,0,0,0,1,0,0,0,0,0,0,0,1,1,0,0,2,0,0,0,0,0,1,0,0,1,0,0,0,0,0,0,0,1,0
R50,M087581000000000026023,mean_bus,9,0,1,1,0,60,0,0,21.7,0,0,7.75,0,0,0,1,0,0,1,0,0,0,0,0,0,0,1,1,0,0,2,0,0,1,0,0,0,0,0,0,0,1,0,0,1,0,0,0,1
R51,M0875810000000000260317,2_6,3,0,1,1,0,0,30,0,0,27.697,0,0,8.25,1,0,0,0,0,1,0,0,0,0,0,0,0,1,1,0,0,3,0,0,0,0,0,1,0,1,0,0,0,0,0,0,0,1,0,0
R53,M0875810000000000260203,mean_bus,9,1,1,1,0,10,0,0,59.37,0,0,32.7,0,0,0,0,1,0,0,1,0,0,0,0,0,0,1,0,1,0,2,0,0,1,0,0,0,0,1,0,0,0,0,1,0,0,0,0,1
R54,M0875810000000000360719,mean_car,2,1,1,1,90,0,0,23.88,0,0,10.02,0,0,1,0,0,0,0,0,1,0,0,0,0,0,0,1,0,1,0,2,0,0,1,0,0,0,0,0,0,0,1,0,1,0,0,0,0,0
R55,M0875810000000000360720,mean_bus,9,0,1,1,0,60,0,0,21.7,0,0,7.75,0,1,0,0,0,0,1,0,0,0,0,0,0,0,1,0,1,0,2,0,1,0,0,0,0,0,0,0,0,1,0,1,0,0,0,0,0
R56,M0875810000000000260107,mean_bus,9,1,1,1,0,45,0,0,21.7,0,0,7.75,0,0,0,1,0,0,0,1,0,1,0,0,0,0,0,0,1,0,2,0,0,1,0,0,0,0,0,0,0,1,0,1,0,0,0,0,1
R60,M0875810000000000400712,3_6,3,0,1,1,0,0,10,0,0,26.281,0,0,6.397,0,1,0,0,0,1,0,0,0,0,0,0,0,1,1,0,0,3,0,0,0,0,0,1,0,1,0,0,0,0,1,0,0,0,0,1
R61,M0875810000000000400612,mean_bus,9,1,1,1,0,90,0,0,21.7,0,0,7.75,0,0,0,0,1,0,0,1,0,0,0,0,0,0,1,1,0,0,1,0,0,1,0,0,0,0,1,0,0,0,0,0,0,0,1,0,1
R63,M0875810000000000400606,mean_bus,9,0,1,1,0,35,0,0,21.7,0,0,7.75,0,0,1,0,0,0,0,1,0,0,1,0,0,0,0,1,0,0,3,0,0,1,0,0,0,0,0,0,0,1,0,0,1,0,0,0,1
R64,M0875810000000000400603,mean_bus,9,0,1,1,0,20,0,0,21.7,0,0,7.75,0,0,0,0,1,0,0,1,0,1,0,0,0,0,0,1,0,0,2,1,0,0,0,0,1,0,0,1,0,0,0,1,0,0,0,0,1
R73,M0875810000000000240705,4_7,3,0,1,1,0,0,30,0,0,12.715,0,0,6.098,0,0,0,0,1,1,0,0,1,0,0,0,0,0,0,1,0,2,0,0,0,0,0,1,0,0,1,0,0,0,0,1,0,0,0,0
R78,M0875810000000000080316,5_7,3,0,1,1,0,0,20,0,0,40.717,0,0,14.97,0,1,0,0,0,1,0,0,0,0,0,0,0,1,0,1,0,1,0,0,1,0,0,0,0,0,1,0,0,0,0,0,0,0,1,1
R79,M0875810000000000400615,mean_bus,9,0,1,1,0,60,0,0,59.37,0,0,32.7,0,0,0,0,1,0,0,1,0,0,0,0,0,1,0,1,0,0,2,0,0,0,1,0,0,0,1,0,0,0,0,0,1,0,0,0,1
R80,M0875810000000000290628,mean_bus,9,0,1,1,0,60,0,0,59.37,0,0,32.7,0,1,0,0,0,0,0,1,0,0,1,0,0,0,0,1,0,0,2,0,1,0,0,0,0,0,0,0,0,1,0,0,0,0,0,1,0
R84,M0875810000000000320418,mean_bus,9,0,1,1,0,50,0,0,59.37,0,0,32.7,0,0,1,0,0,0,0,1,0,0,0,0,0,0,1,1,0,0,2,0,0,1,0,0,0,0,0,1,0,0,0,0,0,0,1,0,1
R86,M0875810000000000290916,mean_bus,9,1,1,1,0,90,0,0,59.37,0,0,32.7,0,0,1,0,0,0,0,1,0,0,1,0,0,0,0,0,1,0,2,0,0,1,0,0,0,0,0,0,0,1,0,0,0,1,0,0,1
R87,M0875810000000000400718,3_5,3,0,1,1,0,0,20,0,0,26.926,0,0,10.32,0,1,0,0,0,1,0,0,1,0,0,0,0,0,1,0,0,2,0,0,0,0,0,1,0,0,1,0,0,0,0,1,0,0,0,0
R90,M0875810000000000400723,mean_bus,9,0,1,1,0,90,0,0,59.37,0,0,32.7,0,0,0,1,0,0,1,0,0,1,0,0,0,0,0,1,0,0,3,0,0,0,1,0,0,0,0,1,0,0,0,0,0,0,1,0,1
R92,M0875810000000000400717,mean_bus,9,0,1,1,0,30,0,0,59.37,0,0,32.7,0,0,0,1,0,0,1,0,0,1,0,0,0,0,0,1,0,0,1,0,0,0,0,0,1,0,0,1,0,0,0,0,1,0,0,0,0
R93,M0875810000000000400720,mean_bus,9,0,1,1,0,80,0,0,59.37,0,0,32.7,0,0,1,0,0,0,0,1,0,1,0,0,0,0,0,1,0,0,2,0,0,1,0,0,0,0,0,0,0,0,1,0,0,0,0,1,1
R94,M0875810000000000400756,mean_motocarro,3,0,1,1,0,0,10,0,0,23.66,0,0,7.99,0,0,0,1,0,1,0,0,0,0,0,0,0,1,1,0,0,1,1,0,0,0,0,1,0,1,0,0,0,0,1,0,0,0,0,1
R95,M0875810000000000290906,3_5,3,0,1,1,0,0,15,0,0,40.218,0,0,8.547,0,1,0,0,0,1,0,0,0,0,0,0,0,1,0,1,0,2,0,0,0,0,0,1,0,1,0,0,0,0,1,0,0,0,0,0
R98,M875810000000000000000,mean_bus,9,0,1,1,0,90,0,0,59.37,0,0,32.7,0,0,1,0,0,0,1,0,0,0,0,0,0,0,1,1,0,0,1,0,0,0,1,0,0,0,0,1,0,0,0,0,0,1,0,0,1
R101,M0875810000000000290518,mean_bus,9,0,1,1,0,15,0,0,59.37,0,0,32.7,0,0,0,0,1,0,1,0,0,1,0,0,0,0,0,0,1,0,3,0,0,0,0,0,1,0,1,0,0,0,0,1,0,0,0,0,1
R102,M0875810000000000210911,4_5,3,0,1,1,0,0,15,0,0,54.261,0,0,47.305,0,0,0,1,0,1,0,0,0,0,0,1,0,0,0,1,0,1,0,0,0,0,0,1,0,0,1,0,0,0,0,0,0,0,1,1
R103,M0875810000000000290503,1_3,3,0,1,1,0,0,60,0,0,20.753,0,0,3.815,0,1,0,0,0,1,0,0,1,0,0,0,0,0,1,0,0,2,0,0,0,0,0,1,0,0,1,0,0,0,0,1,0,0,0,0
R107,M0875810000000000210801,4_7,2,1,1,1,10,0,0,32.111,0,0,12.437,0,0,0,1,0,0,0,0,1,0,1,0,0,0,0,0,1,0,0,2,0,0,0,0,1,0,0,0,1,0,0,0,1,0,0,0,0,1
R109,M0875810000000000210921,mean_bus,9,0,1,1,0,40,0,0,21.7,0,0,7.75,0,0,1,0,0,0,1,0,0,0,0,0,0,0,1,0,1,0,2,0,0,0,0,0,1,0,0,0,0,1,0,0,0,1,0,0,0
R111,M0875810000000000380306,3_4,3,1,1,1,0,0,5,0,0,30.855,0,0,10.725,1,0,0,0,0,1,0,0,0,0,0,0,0,1,0,1,0,2,0,0,1,0,0,0,0,0,1,0,0,0,0,0,0,0,1,1
R114,M0875810000000000220215,mean_bus,9,0,1,0,0,25,0,0,21.7,0,0,7.75,0,1,0,0,0,0,0,1,0,0,0,1,0,0,0,0,0,1,2,0,0,0,1,0,0,0,0,1,0,0,0,0,0,0,1,0,1
R115,M0875810000000000240801,mean_bus,9,0,1,1,0,50,0,0,59.37,0,0,32.7,0,0,0,1,0,0,0,1,0,0,1,0,0,0,0,1,0,0,2,0,0,0,0,1,0,0,0,1,0,0,0,1,0,0,0,0,1
R121,M0875810000000000250709,3_5,2,1,1,1,60,0,0,14.063,0,0,10.27,0,0,0,0,0,1,0,0,1,0,0,0,1,0,0,0,1,0,0,2,0,0,0,0,1,0,0,1,0,0,0,0,1,0,0,0,0,1
R123,M0875810000000000390307,mean_bus,9,0,1,1,0,10,0,0,59.37,0,0,32.7,0,1,0,0,0,0,0,1,0,0,0,0,0,0,1,0,1,0,2,0,0,1,0,0,0,0,0,1,0,0,0,0,0,0,0,1,1
R124,M0875810000000000250725,3_5,2,1,1,1,60,0,0,28.638,0,0,13.935,0,0,0,0,1,0,0,0,1,0,1,0,0,0,0,0,1,0,0,2,0,0,1,0,0,0,0,0,0,0,0,1,1,0,0,0,0,1
R127,M0875810000000000290613,mean_bus,9,0,1,1,0,60,0,0,59.37,0,0,32.7,0,0,0,0,0,1,1,0,0,1,0,0,0,0,0,1,0,0,2,0,0,0,0,0,0,0,1,0,0,0,0,0,0,0,0,1,0
R130,M0875810000000000380404,mean_bus,9,1,1,1,0,100,0,0,59.37,0,0,32.7,0,1,0,0,0,0,0,1,0,1,0,0,0,0,0,0,1,0,2,0,1,0,0,0,0,0,0,0,0,0,1,0,0,0,0,1,0
R135,M0875810000000000160515,mean_bus,9,0,1,1,0,60,0,0,59.37,0,0,32.7,0,1,0,0,0,0,1,0,0,0,0,0,0,0,1,0,1,0,2,0,1,0,0,0,0,0,0,1,0,0,0,0,0,0,0,1,0
R136,M0875810000000000360209,1_5,2,1,1,1,10,0,0,15.499,0,0,4.936,0,0,1,0,0,0,0,1,0,0,0,1,0,0,0,0,0,1,0,3,0,1,0,0,0,0,0,0,1,0,0,0,1,0,0,0,0,1
R139,M0875810000000000160218,mean_bus,9,0,1,1,0,60,0,0,21.7,0,0,7.75,0,0,0,1,0,0,0,1,0,1,0,0,0,0,0,0,1,0,2,0,0,1,0,0,0,0,0,1,0,0,0,0,0,0,0,1,1
R141,M0875810000000000390604,mean_bus,9,0,1,1,0,30,0,0,59.37,0,0,32.7,0,0,1,0,0,0,0,1,0,0,1,0,0,0,0,1,0,0,2,0,0,1,0,0,0,0,0,1,0,0,0,0,0,1,0,0,1
R144,M0875810000000000180910,mean_bus,9,0,1,1,0,60,0,0,59.37,0,0,32.7,0,0,1,0,0,0,1,0,0,0,0,0,0,0,1,0,1,0,3,0,0,1,0,0,0,0,0,0,0,1,0,0,0,1,0,0,0
R147,M0875810000000000360223,mean_bus,9,0,1,1,0,90,0,0,21.7,0,0,7.75,0,0,1,0,0,0,1,0,0,0,0,0,0,0,1,0,1,0,2,0,0,1,0,0,0,0,0,0,0,0,1,0,0,0,0,1,1
R148,M0875810000000000190317,mean_bus,9,0,1,1,0,60,0,0,21.7,0,0,7.75,0,1,0,0,0,0,1,0,0,0,0,0,0,0,1,1,0,0,2,0,1,0,0,0,0,0,0,1,0,0,0,0,0,0,0,1,0
R150,M0875810000000000220326,4_5,2,1,1,1,10,0,0,20.758,0,0,10.994,0,0,0,1,0,0,0,1,0,0,1,0,0,0,0,0,1,0,0,2,0,0,1,0,0,0,0,0,0,0,0,1,1,0,0,0,0,0
R151,M0875810000000000160713,6_5,3,0,1,1,0,0,60,0,0,15.546,0,0,5.22,1,0,0,0,0,1,0,0,0,0,1,0,0,0,0,1,0,3,0,1,0,0,0,0,0,0,1,0,0,0,1,0,0,0,0,0
R155,M0875810000000000380409,mean_bus,9,0,1,1,0,30,0,0,21.7,0,0,7.75,0,1,0,0,0,0,0,1,0,0,0,0,0,0,1,0,1,0,3,0,1,0,0,0,0,0,0,1,0,0,0,0,0,1,0,0,0
R156,M0875810000000000400819,mean_motocarro,3,0,1,1,0,0,5,0,0,23.66,0,0,7.99,1,0,0,0,0,0,1,0,0,1,0,0,0,0,1,0,0,3,0,0,0,0,0,0,0,0,0,0,0,1,1,0,0,0,0,0
R158,M0875810000000000160806,mean_bus,9,0,1,1,0,45,0,0,21.7,0,0,7.75,0,0,0,0,1,0,1,0,0,1,0,0,0,0,0,0,1,0,2,0,0,1,0,0,0,0,0,1,0,0,0,1,0,0,0,0,1
R159,M0875810000000000160806,mean_bus,9,0,1,1,0,60,0,0,59.37,0,0,32.7,0,0,1,0,0,0,0,1,0,0,1,0,0,0,0,0,1,0,2,0,0,1,0,0,0,0,0,1,0,0,0,1,0,0,0,0,1
R160,M0875810000000000400603,mean_bus,9,0,1,1,0,90,0,0,21.7,0,0,7.75,0,1,0,0,0,0,0,1,0,1,0,0,0,0,0,1,0,0,3,0,0,1,0,0,0,0,0,0,0,1,0,0,0,0,0,1,0
R163,M0875810000000000220413,mean_bus,9,0,1,1,0,50,0,0,59.37,0,0,32.7,0,1,0,0,0,0,0,1,0,0,1,0,0,0,0,1,0,0,3,0,1,0,0,0,0,0,0,1,0,0,0,1,0,0,0,0,0
R164,M0875810000000000230705,mean_bus,9,1,1,1,0,50,0,0,21.7,0,0,7.75,0,1,0,0,0,0,1,0,0,1,0,0,0,0,0,1,0,0,2,0,0,0,1,0,0,0,0,0,0,0,1,0,0,0,1,0,0
R165,M0875810000000000340820,mean_bus,9,0,1,1,0,90,0,0,21.7,0,0,7.75,0,1,0,0,0,0,0,1,0,0,1,0,0,0,0,0,1,0,1,0,1,0,0,0,0,0,0,0,0,1,0,0,0,1,0,0,0
R166,M0875810000000000160914,mean_bus,9,0,1,1,0,90,0,0,21.7,0,0,7.75,0,1,0,0,0,0,1,0,0,0,0,1,0,0,0,0,1,0,2,0,0,1,0,0,0,0,0,0,0,1,0,1,0,0,0,0,0
R168,M0875810000000000190903,mean_bus,9,0,1,1,0,75,0,0,59.37,0,0,32.7,0,1,0,0,0,0,1,0,0,0,0,0,0,0,1,1,0,0,2,0,1,0,0,0,0,0,0,0,0,0,1,0,0,0,0,1,0
R171,M0875810000000000160808,mean_bus,9,0,1,1,0,60,0,0,59.37,0,0,32.7,0,1,0,0,0,0,1,0,0,0,1,0,0,0,0,0,1,0,2,0,1,0,0,0,0,0,0,1,0,0,0,0,0,0,0,1,0
R173,M0875810000000000230411,4_5,3,0,1,1,0,0,10,0,0,54.261,0,0,47.305,0,1,0,0,0,1,0,0,1,0,0,0,0,0,1,0,0,2,0,0,0,0,0,1,0,0,0,0,1,0,1,0,0,0,0,1
R177,M0875810000000000160708,mean_bus,9,0,1,1,0,60,0,0,21.7,0,0,7.75,0,1,0,0,0,0,0,1,0,1,0,0,0,0,0,0,1,0,3,0,1,0,0,0,0,0,0,0,0,0,1,0,0,0,0,1,0
R178,M0875810000000000010808,6_5,2,1,1,1,60,0,0,14.399,0,0,8.251,0,0,1,0,0,0,0,0,1,0,0,0,0,0,0,1,0,1,0,3,0,0,0,0,1,0,0,0,0,0,0,1,0,0,0,0,1,0
P1,M0875810000000000100612,mean_motocarro,3,0,1,1,0,0,25,0,0,23.66,0,0,7.99,0,0,0,1,0,0,1,0,1,0,0,0,0,0,0,1,0,1,0,0,0,0,0,1,0,0,1,0,0,0,1,0,0,0,0,0
P6,M0875810000000000080434,mean_car,2,1,1,1,60,0,0,10.48,0,0,5.19,0,0,1,0,0,0,0,0,1,0,1,0,0,0,0,0,0,1,0,3,0,1,0,0,0,0,0,0,0,0,0,1,1,0,0,0,0,0
P7,M0875810000000000240322,mean_motocarro,3,0,1,1,0,0,60,0,0,23.66,0,0,7.99,1,0,0,0,0,1,0,0,1,0,0,0,0,0,0,1,0,2,0,0,0,0,0,1,0,0,1,0,0,0,0,0,1,0,0,1
P9,M0875810000000000060502,4_7,3,0,1,1,0,0,10,0,0,36.161,0,0,6.958,0,1,0,0,0,0,1,0,0,0,1,0,0,0,0,1,0,2,0,0,1,0,0,0,0,0,1,0,0,0,0,0,0,0,1,1
P10,M0875810000000000060709,mean_motocarro,3,0,1,1,0,0,3,0,0,23.66,0,0,7.99,1,0,0,0,0,1,0,0,1,0,0,0,0,0,1,0,0,2,0,0,0,0,1,0,0,0,1,0,0,0,0,0,0,1,0,1
P13,M0875810000000000020303,7_6,3,0,1,1,0,0,20,0,0,79.756,0,0,16.071,0,0,1,0,0,1,0,0,1,0,0,0,0,0,1,0,0,2,0,0,0,0,0,1,0,0,0,0,1,0,0,1,0,0,0,0
P15,M0875810000000000050409,mean_bus,9,0,1,1,0,40,0,0,59.37,0,0,32.7,0,0,0,1,0,0,1,0,0,1,0,0,0,0,0,0,1,0,3,0,0,1,0,0,0,0,0,0,0,0,1,1,0,0,0,0,1
P17,M0875810000000000220518,mean_bus,9,0,1,1,0,10,0,0,21.7,0,0,7.75,0,1,0,0,0,0,1,0,0,0,1,0,0,0,0,1,0,0,2,0,0,0,1,0,0,0,0,1,0,0,0,0,0,0,1,0,1
P19,M0875810000000000210203,mean_car,2,1,1,1,60,0,0,23.88,0,0,10.02,0,0,0,1,0,0,0,0,1,0,1,0,0,0,0,0,0,1,0,2,0,0,1,0,0,0,0,0,0,0,0,1,1,0,0,0,0,1
P22,M0875810000000000130439,mean_bus,9,0,1,1,0,40,0,0,59.37,0,0,32.7,0,0,0,0,1,0,0,1,0,0,0,0,0,0,1,0,1,0,1,0,0,0,0,1,0,0,0,1,0,0,0,0,0,0,0,1,1
P23,M0875810000000000130219,mean_bus,9,0,1,1,0,60,0,0,21.7,0,0,7.75,0,0,0,0,1,0,1,0,0,1,0,0,0,0,0,0,1,0,2,0,0,0,0,0,1,0,0,1,0,0,0,1,0,0,0,0,0
P26,M0875810000000000130212,mean_bus,9,0,1,1,0,45,0,0,59.37,0,0,32.7,0,0,0,0,1,0,0,1,0,1,0,0,0,0,0,0,1,0,2,0,0,1,0,0,0,0,0,1,0,0,0,1,0,0,0,0,1
P29,M0875810000000000130407,4_5,2,1,1,1,5,0,0,7.765,0,0,5.863,0,0,0,1,0,0,0,0,1,0,0,0,0,0,0,1,0,1,0,2,0,0,0,0,0,0,0,0,1,0,0,0,0,1,0,0,0,1
P30,M0875810000000000090538,5_7,3,0,1,1,0,0,30,0,0,12.033,0,0,5.218,0,0,1,0,0,0,1,0,0,0,1,0,0,0,1,0,0,3,1,0,0,0,0,1,0,0,0,0,1,0,1,0,0,0,0,0
P31,M0875810000000000210433,mean_bus,9,1,1,1,0,15,0,0,59.37,0,0,32.7,0,1,0,0,0,0,1,0,0,0,0,0,0,0,1,1,0,0,3,0,0,1,0,0,0,0,0,1,0,0,0,1,0,0,0,0,0
P34,M0875810000000000050405,mean_motocarro,3,0,1,1,0,0,30,0,0,23.66,0,0,7.99,1,0,0,0,0,1,0,0,0,1,0,0,0,0,0,1,0,2,0,0,0,0,0,1,0,0,1,0,0,0,0,0,0,0,1,1
P36,M0875810000000000050402,mean_motocarro,3,0,1,1,0,0,30,0,0,38.89,0,0,12.6,0,0,0,0,1,0,1,0,1,0,0,0,0,0,0,1,0,2,0,0,0,0,0,1,0,1,0,0,0,0,1,0,0,0,0,1
P37,M0800110000000020010602,mean_bus,9,0,1,1,0,60,0,0,21.7,0,0,7.75,0,0,0,0,1,0,0,1,0,0,0,0,0,0,1,1,0,0,2,0,0,0,0,0,1,0,0,1,0,0,0,1,0,0,0,0,1
P39,M0875810000000000050508,5_7,3,0,1,1,0,0,60,0,0,12.033,0,0,5.218,0,0,0,1,0,0,1,0,1,0,0,0,0,0,0,1,0,3,0,0,0,0,0,1,0,0,0,0,0,1,0,0,0,1,0,1
P41,M0875810000000000060202,4_7,3,0,1,1,0,0,20,0,0,36.161,0,0,6.958,0,0,0,1,0,1,0,0,0,1,0,0,0,0,0,1,0,2,0,0,0,1,0,0,0,0,0,0,1,0,0,0,0,0,1,0
P44,M0875810000000000210914,4_5,2,1,1,1,25,0,0,7.765,0,0,5.863,0,0,1,0,0,0,0,1,0,0,1,0,0,0,0,0,0,1,0,3,0,0,0,1,0,0,0,0,1,0,0,0,1,0,0,0,0,0
P50,M0875810000000000240603,mean_car,2,1,1,1,15,0,0,10.48,0,0,5.19,0,0,0,0,1,0,0,1,0,0,0,0,1,0,0,0,1,0,0,2,0,0,0,0,0,0,0,0,1,0,0,0,1,0,0,0,0,1
P51,M0875810000000000240710,mean_bus,9,0,1,1,0,30,0,0,21.7,0,0,7.75,0,0,0,0,1,0,1,0,0,1,0,0,0,0,0,0,1,0,2,0,0,0,0,0,1,0,0,1,0,0,0,1,0,0,0,0,1
P52,M0875810000000000180516,mean_bus,9,0,1,1,0,30,0,0,21.7,0,0,7.75,0,1,0,0,0,0,0,1,0,0,0,0,0,0,1,1,0,0,2,0,0,1,0,0,0,0,0,0,0,1,0,0,0,1,0,0,1
P53,M0875810000000000240703,mean_car,2,1,1,1,15,0,0,23.88,0,0,10.02,0,0,0,0,0,0,1,0,1,0,1,0,0,0,0,0,0,0,1,3,0,0,0,0,0,1,0,0,0,0,1,0,1,0,0,0,0,1
P54,M0875810000000000170705,2_6,3,0,1,1,0,0,70,0,0,24.821,0,0,4.219,1,0,0,0,0,0,1,0,1,0,0,0,0,0,0,1,0,2,0,0,0,0,0,0,0,0,1,0,0,0,0,0,0,1,0,0
P58,,mean_bus,9,0,1,1,0,10,0,0,21.7,0,0,7.75,0,0,1,0,0,0,1,0,0,1,0,0,0,0,0,0,1,0,2,0,0,0,0,1,0,0,0,0,0,1,0,0,0,1,0,0,1
P61,M0875810000000000110204,5_7,2,1,1,1,5,0,0,10.172,0,0,4.083,0,0,0,1,0,0,0,0,1,0,0,1,0,0,0,0,0,1,0,3,0,0,1,0,0,0,0,0,0,0,0,1,0,1,0,0,0,1
P62,M0875810000000000251101,mean_motocarro,3,0,1,1,0,0,10,0,0,38.89,0,0,12.6,0,0,1,0,0,1,0,0,0,0,0,0,0,1,1,0,0,2,0,0,0,0,0,0,0,1,0,0,0,0,0,0,1,0,0,0
P64,M0875810000000000251108,mean_bus,9,0,1,1,0,60,0,0,21.7,0,0,7.75,0,0,0,0,1,0,1,0,0,0,0,0,0,0,1,1,0,0,2,0,0,0,0,0,1,0,1,0,0,0,0,1,0,0,0,0,1
P68,M0875810000000000251112,mean_motocarro,3,0,1,1,0,0,15,0,0,23.66,0,0,7.99,0,0,0,0,1,1,0,0,0,0,0,0,0,1,1,0,0,2,1,0,0,0,0,1,0,1,0,0,0,0,1,0,0,0,0,1
P70,M0875810000000000251102,mean_bus,9,1,1,1,0,50,0,0,59.37,0,0,32.7,0,0,0,1,0,0,0,1,0,1,0,0,0,0,0,1,0,0,2,0,0,1,0,0,0,0,0,1,0,0,0,0,1,0,0,0,0
P71,M0875810000000000240109,mean_bus,9,1,1,1,0,60,0,0,59.37,0,0,32.7,0,1,0,0,0,0,0,1,0,0,0,0,0,0,1,0,1,0,2,0,1,0,0,0,0,0,0,1,0,0,0,1,0,0,0,0,0
P73,M0875810000000000040603,5_7,2,1,1,1,80,0,0,10.172,0,0,4.083,0,0,0,0,1,0,0,1,0,0,0,0,0,0,0,1,0,1,0,2,1,0,0,0,0,1,0,0,0,0,1,0,0,0,0,0,1,0
P74,M0875810000000000360615,mean_bus,9,0,1,1,0,60,0,0,21.7,0,0,7.75,0,1,0,0,0,0,0,1,0,0,0,0,0,0,1,1,0,0,1,0,0,0,1,0,0,0,1,0,0,0,0,0,0,1,0,0,1
P77,M0875810000000000250927,1_5,3,0,1,1,0,0,45,0,0,28.623,0,0,6.826,0,1,0,0,0,1,0,0,0,1,0,0,0,0,1,0,0,1,0,0,0,1,0,0,0,0,0,0,0,0,0,0,0,0,1,1
P79,M0875810000000000210814,mean_bus,9,0,1,1,0,25,0,0,59.37,0,0,32.7,0,1,0,0,0,0,0,1,0,1,0,0,0,0,0,1,0,0,2,0,0,1,0,0,0,0,0,0,0,1,0,0,0,0,0,1,0
P81,M0875810000000000160204,mean_bus,9,0,1,1,0,25,0,0,59.37,0,0,32.7,0,1,0,0,0,0,1,0,0,0,0,1,0,0,0,0,1,0,2,0,0,0,0,1,0,0,0,0,0,1,0,0,0,0,1,0,1
P83,M0875810000000000160201,6_5,2,1,1,1,45,0,0,21.704,0,0,10.264,0,0,0,0,0,1,0,1,0,0,0,0,1,0,0,0,0,1,0,2,0,0,0,0,1,0,0,0,0,0,0,1,1,0,0,0,0,1
P85,M0875810000000000160815,mean_bus,9,0,1,1,0,60,0,0,59.37,0,0,32.7,0,1,0,0,0,0,1,0,0,0,0,0,0,0,1,1,0,0,2,0,0,1,0,0,0,0,0,0,0,1,0,0,0,0,0,1,0
